Beta,Tau_Mix,E_Steady
2.0,0.2579818426394368,-0.08445535839722604
